<?xml version="1.0" encoding="windows-1252"?>
<xmi:XMI xmi:version="2.1" xmlns:uml="http://schema.omg.org/spec/UML/2.1" xmlns:xmi="http://schema.omg.org/spec/XMI/2.1">
	<xmi:Documentation exporter="Enterprise Architect" exporterVersion="6.5"/>
	<uml:Model xmi:type="uml:Model" name="EA_Model" visibility="public">
		<packagedElement xmi:type="uml:Package" xmi:id="EAPK_2F99551C_10EE_4907_9247_B6639BCF47D1" name="Model" visibility="public"/>
	</uml:Model>
	<xmi:Extension extender="Enterprise Architect" extenderID="6.5">
		<elements>
			<element xmi:idref="EAPK_2F99551C_10EE_4907_9247_B6639BCF47D1">
				<packageproperties/>
				<paths/>
				<times created="2012-04-17 00:00:00" modified="2012-04-17 00:00:00"/>
				<flags iscontrolled="FALSE" isprotected="FALSE" usedtd="FALSE" logxml="FALSE" packageFlags="isModel=1;"/>
			</element>
		</elements>
		<connectors/>
		<primitivetypes>
			<packagedElement xmi:type="uml:Package" xmi:id="EAPrimitiveTypesPackage" name="EA_PrimitiveTypes_Package" visibility="public"/>
		</primitivetypes>
		<profiles/>
		<diagrams/>
	</xmi:Extension>
</xmi:XMI>
